User: USER,Path: C:\Program Files (x86)\BMG\CLARIOstar\User\Data,Test run no.: 4004
Test name: E. coli OD 600,Date: 3/27/2025,Time: 1:14:55 PM

Absorbance

Well,,A01,A02,A03,A04,A05,A06,A07,A08,A09,A10,A11,A12,B01,B02,B03,B04,B05,B06,B07,B08,B09,B10,B11,B12,C01,C02,C03,C04,C05,C06,C07,C08,C09,C10,C11,C12,D01,D02,D03,D04,D05,D06,D07,D08,D09,D10,D11,D12,E01,E02,E03,E04,E05,E06,E07,E08,E09,E10,E11,E12,F01,F02,F03,F04,F05,F06,F07,F08,F09,F10,F11,F12,G01,G02,G03,G04,G05,G06,G07,G08,G09,G10,G11,G12,H01,H02,H03,H04,H05,H06,H07,H08,H09,H10,H11,H12
Content,Time,Sample X1,Sample X2,Sample X3,Sample X4,Sample X5,Sample X6,Sample X7,Sample X8,Sample X9,Sample X10,Sample X11,Sample X12,Sample X13,Sample X14,Sample X15,Sample X16,Sample X17,Sample X18,Sample X19,Sample X20,Sample X21,Sample X22,Sample X23,Sample X24,Sample X25,Sample X26,Sample X27,Sample X28,Sample X29,Sample X30,Sample X31,Sample X32,Sample X33,Sample X34,Sample X35,Sample X36,Sample X37,Sample X38,Sample X39,Sample X40,Sample X41,Sample X42,Sample X43,Sample X44,Sample X45,Sample X46,Sample X47,Sample X48,Sample X49,Sample X50,Sample X51,Sample X52,Sample X53,Sample X54,Sample X55,Sample X56,Sample X57,Sample X58,Sample X59,Sample X60,Sample X61,Sample X62,Sample X63,Sample X64,Sample X65,Sample X66,Sample X67,Sample X68,Sample X69,Sample X70,Sample X71,Sample X72,Sample X73,Sample X74,Sample X75,Sample X76,Sample X77,Sample X78,Sample X79,Sample X80,Sample X81,Sample X82,Sample X83,Sample X84,Sample X85,Sample X86,Sample X87,Sample X88,Sample X89,Sample X90,Sample X91,Sample X92,Sample X93,Sample X94,Sample X95,Sample X96
Raw Data (600),0 h ,0.152,0.122,0.132,0.113,0.120,0.152,0.141,0.133,0.119,0.146,0.121,0.145,0.130,0.155,0.168,0.168,0.161,0.152,0.127,0.158,0.142,0.170,0.165,0.142,0.131,0.156,0.162,0.151,0.130,0.180,0.136,0.167,0.134,0.139,0.141,0.155,0.115,0.160,0.149,0.155,0.135,0.128,0.123,0.141,0.134,0.148,0.152,0.101,0.141,0.182,0.172,0.166,0.140,0.163,0.167,0.187,0.168,0.170,0.175,0.116,0.165,0.141,0.135,0.185,0.139,0.148,0.150,0.189,0.163,0.140,0.181,0.107,0.122,0.131,0.139,0.126,0.133,0.126,0.142,0.121,0.127,0.124,0.127,0.111,0.126,0.132,0.142,0.126,0.148,0.147,0.116,0.128,0.121,0.108,0.104,0.107
Raw Data (600),0 h 15 min,0.170,0.129,0.132,0.115,0.122,0.169,0.144,0.137,0.125,0.149,0.125,0.144,0.128,0.158,0.157,0.161,0.163,0.150,0.126,0.154,0.138,0.161,0.153,0.141,0.128,0.146,0.171,0.158,0.133,0.182,0.137,0.165,0.132,0.136,0.147,0.153,0.116,0.156,0.149,0.167,0.132,0.128,0.125,0.141,0.131,0.146,0.144,0.102,0.136,0.176,0.172,0.172,0.140,0.154,0.171,0.190,0.178,0.161,0.184,0.120,0.162,0.139,0.132,0.182,0.136,0.157,0.149,0.194,0.165,0.158,0.180,0.107,0.122,0.125,0.137,0.129,0.131,0.128,0.140,0.123,0.126,0.127,0.125,0.121,0.128,0.128,0.139,0.125,0.150,0.160,0.119,0.130,0.131,0.110,0.111,0.108
Raw Data (600),0 h 30 min,0.170,0.130,0.131,0.115,0.121,0.171,0.145,0.137,0.125,0.149,0.124,0.144,0.128,0.161,0.153,0.165,0.159,0.149,0.126,0.167,0.137,0.163,0.151,0.140,0.126,0.145,0.172,0.167,0.135,0.182,0.137,0.166,0.132,0.136,0.145,0.152,0.116,0.161,0.147,0.171,0.134,0.127,0.125,0.144,0.130,0.143,0.142,0.101,0.134,0.178,0.172,0.173,0.141,0.152,0.171,0.190,0.177,0.160,0.188,0.121,0.160,0.142,0.131,0.181,0.138,0.157,0.148,0.195,0.153,0.161,0.181,0.107,0.122,0.124,0.137,0.129,0.130,0.128,0.139,0.124,0.125,0.127,0.125,0.123,0.129,0.128,0.138,0.125,0.150,0.161,0.119,0.130,0.132,0.111,0.112,0.107
Raw Data (600),0 h 45 min,0.171,0.130,0.130,0.115,0.120,0.171,0.144,0.137,0.125,0.149,0.123,0.143,0.125,0.168,0.151,0.167,0.157,0.149,0.126,0.171,0.138,0.162,0.151,0.139,0.125,0.151,0.171,0.162,0.147,0.181,0.135,0.171,0.132,0.135,0.147,0.154,0.116,0.168,0.147,0.172,0.135,0.126,0.125,0.152,0.129,0.143,0.142,0.100,0.133,0.185,0.172,0.172,0.142,0.151,0.170,0.194,0.181,0.160,0.191,0.121,0.158,0.148,0.130,0.180,0.138,0.157,0.146,0.202,0.163,0.164,0.187,0.106,0.122,0.124,0.136,0.128,0.130,0.128,0.139,0.123,0.125,0.126,0.125,0.123,0.129,0.127,0.137,0.124,0.148,0.161,0.118,0.129,0.132,0.110,0.111,0.107
Raw Data (600),1 h ,0.170,0.130,0.130,0.115,0.121,0.172,0.144,0.137,0.125,0.150,0.124,0.144,0.125,0.185,0.151,0.168,0.163,0.150,0.127,0.179,0.136,0.163,0.153,0.139,0.126,0.166,0.172,0.163,0.151,0.181,0.136,0.186,0.131,0.136,0.148,0.154,0.117,0.188,0.147,0.173,0.138,0.127,0.125,0.169,0.130,0.145,0.145,0.101,0.133,0.204,0.173,0.175,0.143,0.152,0.171,0.209,0.183,0.162,0.190,0.121,0.159,0.166,0.131,0.180,0.141,0.157,0.147,0.215,0.150,0.170,0.187,0.107,0.123,0.124,0.137,0.129,0.130,0.128,0.139,0.123,0.125,0.127,0.125,0.124,0.130,0.127,0.138,0.125,0.150,0.162,0.119,0.130,0.131,0.111,0.112,0.107
Raw Data (600),1 h 15 min,0.171,0.130,0.130,0.115,0.121,0.171,0.144,0.137,0.125,0.149,0.124,0.142,0.124,0.219,0.152,0.170,0.164,0.149,0.127,0.202,0.135,0.162,0.154,0.139,0.127,0.197,0.172,0.164,0.150,0.182,0.136,0.218,0.131,0.137,0.145,0.153,0.116,0.223,0.147,0.174,0.140,0.127,0.125,0.203,0.130,0.147,0.144,0.100,0.133,0.237,0.173,0.174,0.144,0.152,0.171,0.239,0.183,0.160,0.194,0.121,0.159,0.196,0.130,0.181,0.145,0.158,0.147,0.247,0.159,0.172,0.189,0.106,0.122,0.124,0.137,0.129,0.130,0.128,0.139,0.124,0.125,0.127,0.125,0.125,0.130,0.128,0.138,0.124,0.150,0.162,0.119,0.130,0.131,0.111,0.109,0.108
Raw Data (600),1 h 30 min,0.170,0.130,0.130,0.114,0.121,0.172,0.144,0.137,0.124,0.149,0.124,0.143,0.124,0.265,0.151,0.171,0.165,0.149,0.126,0.235,0.135,0.164,0.156,0.139,0.127,0.240,0.170,0.165,0.149,0.181,0.135,0.256,0.131,0.139,0.141,0.153,0.116,0.261,0.147,0.175,0.141,0.126,0.124,0.237,0.129,0.145,0.146,0.100,0.133,0.274,0.172,0.176,0.145,0.151,0.171,0.272,0.182,0.161,0.194,0.121,0.157,0.233,0.130,0.179,0.143,0.158,0.146,0.283,0.157,0.173,0.191,0.106,0.122,0.123,0.136,0.129,0.130,0.127,0.138,0.123,0.125,0.126,0.125,0.124,0.130,0.126,0.137,0.124,0.149,0.163,0.117,0.129,0.132,0.111,0.109,0.107
Raw Data (600),1 h 45 min,0.171,0.130,0.129,0.114,0.119,0.170,0.143,0.136,0.124,0.151,0.124,0.140,0.124,0.297,0.151,0.173,0.169,0.149,0.126,0.266,0.134,0.168,0.155,0.139,0.127,0.275,0.170,0.166,0.155,0.181,0.135,0.291,0.130,0.139,0.142,0.153,0.116,0.300,0.146,0.176,0.144,0.126,0.125,0.272,0.130,0.148,0.149,0.100,0.132,0.314,0.172,0.176,0.149,0.153,0.170,0.308,0.181,0.161,0.197,0.121,0.157,0.271,0.130,0.181,0.148,0.156,0.147,0.320,0.149,0.174,0.190,0.106,0.121,0.124,0.137,0.129,0.130,0.128,0.139,0.124,0.125,0.126,0.125,0.124,0.130,0.127,0.137,0.122,0.151,0.161,0.117,0.129,0.126,0.111,0.110,0.106
Raw Data (600),2 h ,0.170,0.128,0.130,0.114,0.120,0.170,0.143,0.137,0.124,0.150,0.124,0.142,0.124,0.353,0.151,0.176,0.172,0.149,0.127,0.316,0.135,0.169,0.156,0.138,0.126,0.329,0.169,0.169,0.159,0.181,0.135,0.342,0.129,0.140,0.145,0.153,0.117,0.354,0.145,0.175,0.147,0.127,0.124,0.325,0.129,0.148,0.148,0.100,0.133,0.362,0.172,0.177,0.154,0.152,0.171,0.364,0.183,0.161,0.197,0.122,0.158,0.325,0.130,0.181,0.146,0.156,0.147,0.374,0.148,0.175,0.195,0.106,0.120,0.123,0.136,0.130,0.130,0.128,0.138,0.124,0.125,0.127,0.124,0.124,0.130,0.128,0.138,0.122,0.151,0.160,0.117,0.129,0.125,0.109,0.110,0.106
Raw Data (600),2 h 15 min,0.169,0.126,0.133,0.113,0.119,0.168,0.142,0.136,0.125,0.151,0.122,0.139,0.123,0.421,0.150,0.177,0.178,0.149,0.126,0.375,0.132,0.170,0.154,0.136,0.126,0.403,0.168,0.170,0.161,0.181,0.135,0.405,0.128,0.143,0.146,0.154,0.117,0.417,0.144,0.180,0.150,0.126,0.124,0.383,0.129,0.150,0.149,0.100,0.131,0.421,0.171,0.179,0.161,0.149,0.171,0.429,0.181,0.165,0.194,0.121,0.157,0.386,0.129,0.181,0.151,0.154,0.147,0.431,0.147,0.177,0.193,0.106,0.119,0.124,0.136,0.129,0.130,0.127,0.138,0.124,0.125,0.126,0.124,0.125,0.129,0.128,0.137,0.122,0.150,0.160,0.116,0.128,0.126,0.108,0.110,0.106
Raw Data (600),2 h 30 min,0.168,0.127,0.134,0.113,0.119,0.169,0.143,0.132,0.124,0.151,0.122,0.140,0.123,0.492,0.149,0.179,0.178,0.149,0.126,0.425,0.132,0.172,0.156,0.137,0.126,0.475,0.167,0.173,0.157,0.180,0.134,0.459,0.129,0.143,0.146,0.155,0.117,0.469,0.144,0.178,0.154,0.127,0.124,0.433,0.128,0.152,0.148,0.100,0.131,0.475,0.172,0.181,0.167,0.150,0.171,0.479,0.182,0.165,0.196,0.121,0.157,0.438,0.130,0.183,0.158,0.153,0.147,0.473,0.169,0.180,0.195,0.106,0.120,0.124,0.136,0.129,0.130,0.127,0.138,0.123,0.125,0.126,0.125,0.125,0.129,0.128,0.137,0.121,0.148,0.156,0.117,0.129,0.126,0.109,0.110,0.106
Raw Data (600),2 h 45 min,0.169,0.127,0.135,0.114,0.120,0.171,0.141,0.134,0.125,0.152,0.122,0.142,0.123,0.555,0.149,0.186,0.181,0.149,0.127,0.481,0.133,0.172,0.157,0.138,0.126,0.547,0.169,0.175,0.162,0.180,0.134,0.503,0.128,0.147,0.148,0.155,0.116,0.515,0.143,0.182,0.157,0.127,0.124,0.473,0.129,0.154,0.150,0.099,0.131,0.525,0.172,0.183,0.169,0.151,0.171,0.529,0.184,0.167,0.202,0.121,0.157,0.480,0.130,0.188,0.161,0.157,0.147,0.515,0.183,0.182,0.196,0.106,0.120,0.124,0.136,0.128,0.130,0.128,0.138,0.123,0.125,0.127,0.124,0.125,0.129,0.128,0.137,0.121,0.147,0.156,0.118,0.127,0.125,0.109,0.109,0.105
Raw Data (600),3 h ,0.170,0.127,0.135,0.113,0.120,0.172,0.140,0.134,0.124,0.151,0.123,0.140,0.123,0.599,0.149,0.193,0.190,0.149,0.127,0.542,0.133,0.172,0.160,0.137,0.125,0.618,0.169,0.181,0.171,0.181,0.134,0.579,0.128,0.148,0.154,0.156,0.117,0.597,0.144,0.185,0.164,0.127,0.124,0.544,0.129,0.159,0.156,0.100,0.131,0.607,0.172,0.187,0.174,0.151,0.170,0.615,0.184,0.170,0.203,0.120,0.156,0.563,0.130,0.190,0.170,0.158,0.146,0.591,0.154,0.188,0.198,0.106,0.120,0.124,0.136,0.129,0.130,0.128,0.139,0.124,0.125,0.127,0.125,0.126,0.130,0.129,0.137,0.122,0.148,0.156,0.118,0.127,0.126,0.109,0.110,0.105
Raw Data (600),3 h 15 min,0.169,0.128,0.135,0.114,0.121,0.172,0.141,0.134,0.124,0.152,0.123,0.142,0.124,0.645,0.148,0.200,0.197,0.150,0.127,0.587,0.134,0.174,0.159,0.138,0.127,0.674,0.168,0.188,0.179,0.181,0.134,0.620,0.129,0.151,0.150,0.157,0.117,0.641,0.143,0.189,0.174,0.127,0.125,0.589,0.129,0.157,0.153,0.100,0.132,0.651,0.171,0.192,0.182,0.151,0.170,0.655,0.184,0.173,0.202,0.120,0.156,0.611,0.131,0.195,0.175,0.159,0.147,0.633,0.160,0.187,0.195,0.106,0.120,0.125,0.137,0.129,0.130,0.128,0.139,0.124,0.125,0.127,0.125,0.126,0.130,0.129,0.138,0.121,0.148,0.156,0.118,0.127,0.129,0.110,0.110,0.106
Raw Data (600),3 h 30 min,0.170,0.128,0.134,0.114,0.120,0.172,0.141,0.134,0.125,0.154,0.123,0.141,0.124,0.707,0.148,0.205,0.203,0.150,0.127,0.605,0.133,0.176,0.162,0.138,0.125,0.700,0.168,0.192,0.190,0.181,0.134,0.642,0.128,0.156,0.149,0.155,0.118,0.664,0.143,0.197,0.182,0.126,0.125,0.605,0.129,0.159,0.152,0.100,0.131,0.692,0.172,0.198,0.194,0.151,0.170,0.682,0.185,0.176,0.206,0.119,0.155,0.640,0.132,0.203,0.185,0.159,0.147,0.646,0.148,0.190,0.201,0.106,0.120,0.125,0.137,0.129,0.130,0.127,0.139,0.124,0.125,0.127,0.124,0.126,0.130,0.129,0.138,0.121,0.148,0.155,0.118,0.127,0.127,0.109,0.109,0.106
Raw Data (600),3 h 45 min,0.170,0.128,0.134,0.113,0.120,0.172,0.141,0.134,0.125,0.153,0.122,0.143,0.123,0.689,0.148,0.211,0.211,0.150,0.127,0.621,0.132,0.174,0.158,0.137,0.125,0.727,0.168,0.200,0.195,0.181,0.134,0.671,0.129,0.156,0.152,0.157,0.117,0.684,0.144,0.206,0.194,0.126,0.125,0.626,0.128,0.161,0.154,0.100,0.132,0.714,0.171,0.204,0.199,0.155,0.169,0.702,0.186,0.177,0.203,0.119,0.155,0.658,0.131,0.212,0.190,0.158,0.146,0.658,0.155,0.193,0.199,0.105,0.120,0.123,0.136,0.129,0.130,0.127,0.138,0.124,0.125,0.127,0.124,0.125,0.130,0.129,0.138,0.121,0.149,0.153,0.118,0.127,0.125,0.109,0.110,0.105
Raw Data (600),4 h ,0.172,0.128,0.134,0.113,0.119,0.173,0.140,0.133,0.124,0.153,0.122,0.145,0.123,0.711,0.148,0.215,0.225,0.149,0.127,0.642,0.132,0.181,0.162,0.137,0.125,0.749,0.169,0.210,0.211,0.182,0.134,0.692,0.129,0.163,0.153,0.156,0.117,0.714,0.145,0.215,0.207,0.126,0.124,0.636,0.128,0.170,0.151,0.100,0.132,0.742,0.170,0.212,0.215,0.157,0.169,0.717,0.185,0.186,0.206,0.118,0.154,0.687,0.131,0.217,0.200,0.157,0.146,0.673,0.167,0.202,0.198,0.106,0.119,0.123,0.136,0.129,0.130,0.128,0.137,0.125,0.125,0.127,0.125,0.124,0.130,0.131,0.139,0.122,0.150,0.149,0.120,0.127,0.123,0.110,0.111,0.105
Raw Data (600),4 h 15 min,0.169,0.127,0.134,0.114,0.120,0.172,0.141,0.133,0.124,0.153,0.122,0.148,0.122,0.751,0.149,0.224,0.238,0.149,0.127,0.642,0.131,0.182,0.160,0.136,0.125,0.758,0.168,0.218,0.223,0.182,0.134,0.701,0.129,0.164,0.153,0.156,0.117,0.714,0.144,0.222,0.220,0.126,0.124,0.639,0.128,0.171,0.150,0.100,0.132,0.747,0.172,0.221,0.226,0.156,0.168,0.714,0.187,0.203,0.203,0.118,0.155,0.681,0.132,0.227,0.218,0.157,0.146,0.684,0.162,0.203,0.196,0.107,0.119,0.123,0.135,0.130,0.130,0.128,0.137,0.125,0.125,0.126,0.124,0.123,0.131,0.132,0.139,0.121,0.151,0.150,0.119,0.127,0.124,0.110,0.112,0.105
Raw Data (600),4 h 30 min,0.169,0.128,0.134,0.113,0.120,0.173,0.141,0.133,0.124,0.152,0.122,0.149,0.122,0.728,0.153,0.235,0.250,0.149,0.126,0.662,0.131,0.181,0.163,0.136,0.125,0.758,0.166,0.234,0.238,0.182,0.134,0.729,0.129,0.169,0.146,0.155,0.118,0.739,0.144,0.231,0.240,0.127,0.124,0.663,0.128,0.178,0.150,0.100,0.132,0.778,0.177,0.232,0.244,0.154,0.169,0.725,0.188,0.238,0.201,0.119,0.154,0.712,0.131,0.232,0.231,0.156,0.147,0.685,0.145,0.213,0.193,0.106,0.119,0.122,0.136,0.130,0.130,0.128,0.137,0.125,0.125,0.127,0.124,0.123,0.130,0.132,0.137,0.122,0.151,0.148,0.120,0.127,0.123,0.110,0.112,0.105
Raw Data (600),4 h 45 min,0.168,0.127,0.134,0.113,0.120,0.172,0.140,0.133,0.123,0.152,0.122,0.149,0.122,0.777,0.148,0.249,0.260,0.149,0.126,0.683,0.131,0.194,0.157,0.136,0.124,0.792,0.167,0.250,0.254,0.181,0.133,0.733,0.129,0.175,0.145,0.156,0.117,0.753,0.144,0.245,0.245,0.126,0.124,0.671,0.128,0.181,0.146,0.100,0.131,0.785,0.178,0.255,0.260,0.153,0.169,0.745,0.188,0.336,0.201,0.119,0.155,0.715,0.131,0.245,0.245,0.155,0.147,0.701,0.145,0.222,0.192,0.105,0.119,0.123,0.135,0.130,0.130,0.128,0.137,0.125,0.125,0.127,0.124,0.123,0.130,0.130,0.136,0.121,0.150,0.151,0.118,0.127,0.124,0.110,0.111,0.105
Raw Data (600),5 h ,0.168,0.127,0.134,0.113,0.119,0.172,0.140,0.132,0.124,0.152,0.122,0.148,0.123,0.775,0.148,0.263,0.275,0.149,0.127,0.695,0.132,0.195,0.153,0.137,0.124,0.794,0.166,0.258,0.270,0.181,0.133,0.740,0.129,0.172,0.145,0.158,0.117,0.766,0.143,0.255,0.269,0.127,0.124,0.678,0.128,0.183,0.146,0.099,0.131,0.797,0.179,0.256,0.278,0.151,0.171,0.751,0.188,0.266,0.199,0.121,0.155,0.723,0.130,0.250,0.261,0.154,0.147,0.712,0.153,0.240,0.192,0.105,0.119,0.123,0.136,0.130,0.129,0.128,0.137,0.124,0.125,0.127,0.124,0.123,0.130,0.128,0.135,0.121,0.147,0.154,0.118,0.126,0.125,0.109,0.110,0.106
Raw Data (600),5 h 15 min,0.168,0.127,0.134,0.113,0.119,0.177,0.140,0.132,0.123,0.152,0.122,0.151,0.122,0.785,0.147,0.293,0.293,0.149,0.126,0.709,0.133,0.203,0.153,0.136,0.124,0.794,0.168,0.280,0.287,0.180,0.133,0.743,0.129,0.176,0.146,0.158,0.117,0.769,0.142,0.266,0.285,0.127,0.124,0.690,0.127,0.185,0.146,0.099,0.130,0.806,0.180,0.269,0.294,0.153,0.169,0.748,0.188,0.273,0.198,0.120,0.154,0.731,0.130,0.269,0.281,0.155,0.146,0.706,0.178,0.245,0.193,0.105,0.118,0.123,0.136,0.129,0.130,0.128,0.137,0.124,0.124,0.126,0.124,0.124,0.129,0.127,0.134,0.121,0.146,0.155,0.117,0.126,0.125,0.108,0.110,0.104
Raw Data (600),5 h 30 min,0.167,0.127,0.134,0.112,0.120,0.178,0.141,0.133,0.123,0.152,0.122,0.153,0.122,0.798,0.154,0.314,0.313,0.150,0.127,0.711,0.134,0.208,0.155,0.136,0.124,0.815,0.168,0.302,0.308,0.180,0.132,0.758,0.129,0.183,0.144,0.158,0.117,0.789,0.143,0.286,0.309,0.127,0.124,0.698,0.127,0.189,0.144,0.099,0.131,0.818,0.179,0.289,0.319,0.153,0.170,0.763,0.189,0.208,0.197,0.120,0.155,0.731,0.131,0.290,0.297,0.155,0.146,0.719,0.144,0.232,0.189,0.106,0.119,0.124,0.136,0.128,0.130,0.128,0.137,0.124,0.125,0.126,0.125,0.124,0.129,0.127,0.134,0.121,0.147,0.156,0.117,0.125,0.125,0.108,0.110,0.105
Raw Data (600),5 h 45 min,0.168,0.127,0.133,0.113,0.118,0.178,0.140,0.132,0.123,0.154,0.122,0.151,0.123,0.788,0.154,0.334,0.336,0.149,0.127,0.720,0.134,0.206,0.149,0.137,0.124,0.802,0.167,0.331,0.329,0.180,0.132,0.757,0.129,0.185,0.145,0.157,0.117,0.785,0.142,0.306,0.331,0.126,0.124,0.695,0.127,0.193,0.140,0.100,0.130,0.815,0.179,0.317,0.345,0.151,0.169,0.773,0.188,0.209,0.194,0.119,0.153,0.738,0.131,0.307,0.325,0.156,0.146,0.727,0.144,0.226,0.190,0.106,0.119,0.124,0.136,0.129,0.129,0.127,0.138,0.124,0.125,0.126,0.124,0.124,0.128,0.127,0.134,0.120,0.146,0.155,0.117,0.125,0.125,0.108,0.109,0.105
Raw Data (600),6 h ,0.179,0.128,0.126,0.110,0.111,0.179,0.133,0.127,0.122,0.161,0.122,0.133,0.122,0.828,0.149,0.377,0.361,0.144,0.126,0.758,0.142,0.205,0.141,0.141,0.117,0.843,0.167,0.370,0.363,0.192,0.136,0.799,0.131,0.189,0.140,0.146,0.114,0.819,0.144,0.349,0.364,0.128,0.125,0.728,0.130,0.200,0.139,0.099,0.132,0.843,0.177,0.350,0.372,0.165,0.167,0.796,0.177,0.216,0.205,0.113,0.147,0.759,0.133,0.346,0.345,0.147,0.151,0.739,0.144,0.223,0.172,0.107,0.122,0.123,0.138,0.126,0.127,0.124,0.144,0.120,0.129,0.123,0.127,0.121,0.119,0.132,0.142,0.125,0.146,0.142,0.123,0.125,0.121,0.107,0.113,0.105
Raw Data (600),6 h 15 min,0.168,0.127,0.133,0.112,0.118,0.178,0.139,0.132,0.123,0.152,0.122,0.152,0.122,0.795,0.154,0.396,0.389,0.149,0.126,0.727,0.132,0.216,0.149,0.135,0.124,0.815,0.166,0.418,0.391,0.180,0.133,0.767,0.128,0.196,0.144,0.156,0.117,0.798,0.142,0.389,0.388,0.127,0.124,0.713,0.127,0.207,0.140,0.100,0.130,0.828,0.179,0.390,0.402,0.152,0.170,0.782,0.188,0.217,0.193,0.119,0.154,0.750,0.131,0.388,0.385,0.156,0.146,0.737,0.144,0.231,0.184,0.105,0.119,0.124,0.136,0.128,0.130,0.127,0.138,0.123,0.124,0.126,0.125,0.124,0.129,0.127,0.135,0.120,0.147,0.155,0.117,0.126,0.124,0.108,0.110,0.105
Raw Data (600),6 h 30 min,0.166,0.126,0.133,0.112,0.118,0.177,0.140,0.132,0.123,0.151,0.122,0.153,0.121,0.746,0.153,0.437,0.422,0.149,0.125,0.719,0.129,0.230,0.147,0.135,0.124,0.804,0.165,0.475,0.423,0.180,0.132,0.765,0.128,0.203,0.139,0.156,0.117,0.786,0.142,0.434,0.421,0.127,0.124,0.710,0.127,0.205,0.141,0.100,0.131,0.824,0.179,0.442,0.433,0.153,0.169,0.776,0.189,0.221,0.193,0.119,0.154,0.741,0.130,0.430,0.420,0.155,0.146,0.747,0.143,0.238,0.185,0.105,0.118,0.123,0.136,0.129,0.130,0.128,0.138,0.124,0.124,0.126,0.124,0.123,0.129,0.127,0.134,0.119,0.147,0.153,0.117,0.125,0.124,0.108,0.110,0.104
Raw Data (600),6 h 45 min,0.178,0.127,0.126,0.111,0.111,0.178,0.132,0.127,0.122,0.160,0.122,0.131,0.120,0.809,0.149,0.499,0.464,0.143,0.126,0.777,0.140,0.224,0.141,0.140,0.117,0.850,0.166,0.548,0.472,0.192,0.136,0.822,0.131,0.211,0.138,0.144,0.113,0.825,0.144,0.488,0.452,0.128,0.125,0.743,0.131,0.213,0.136,0.099,0.131,0.854,0.176,0.482,0.465,0.164,0.168,0.813,0.176,0.233,0.199,0.113,0.147,0.780,0.133,0.479,0.445,0.145,0.151,0.759,0.143,0.243,0.165,0.107,0.122,0.123,0.138,0.125,0.128,0.124,0.143,0.121,0.128,0.123,0.128,0.120,0.119,0.132,0.142,0.124,0.146,0.141,0.123,0.125,0.120,0.108,0.114,0.104
Raw Data (600),7 h ,0.166,0.126,0.133,0.112,0.119,0.176,0.138,0.132,0.125,0.151,0.122,0.149,0.122,0.796,0.154,0.528,0.487,0.149,0.126,0.793,0.130,0.240,0.147,0.136,0.125,0.838,0.167,0.578,0.502,0.181,0.133,0.824,0.129,0.220,0.137,0.156,0.118,0.827,0.141,0.524,0.482,0.128,0.124,0.740,0.127,0.227,0.138,0.100,0.129,0.847,0.180,0.530,0.495,0.149,0.171,0.814,0.189,0.245,0.189,0.121,0.155,0.776,0.130,0.515,0.481,0.154,0.147,0.759,0.143,0.253,0.183,0.106,0.118,0.126,0.137,0.129,0.131,0.128,0.139,0.124,0.123,0.126,0.126,0.126,0.129,0.127,0.134,0.119,0.146,0.156,0.117,0.126,0.124,0.109,0.110,0.104
Raw Data (600),7 h 15 min,0.165,0.125,0.132,0.112,0.118,0.176,0.138,0.132,0.124,0.151,0.121,0.148,0.121,0.791,0.153,0.557,0.511,0.149,0.126,0.754,0.129,0.247,0.147,0.135,0.124,0.818,0.166,0.648,0.518,0.180,0.132,0.784,0.128,0.238,0.136,0.155,0.117,0.819,0.140,0.539,0.508,0.127,0.124,0.733,0.126,0.243,0.137,0.100,0.129,0.837,0.179,0.566,0.524,0.149,0.170,0.790,0.188,0.257,0.188,0.120,0.154,0.754,0.130,0.538,0.497,0.153,0.146,0.751,0.141,0.270,0.180,0.105,0.118,0.125,0.136,0.128,0.130,0.127,0.139,0.123,0.123,0.126,0.125,0.125,0.129,0.127,0.134,0.119,0.146,0.155,0.117,0.125,0.124,0.109,0.109,0.105
Raw Data (600),7 h 30 min,0.166,0.126,0.132,0.112,0.119,0.178,0.139,0.133,0.124,0.151,0.122,0.151,0.121,0.797,0.153,0.605,0.533,0.150,0.126,0.817,0.129,0.270,0.147,0.135,0.124,0.837,0.165,0.702,0.538,0.180,0.132,0.814,0.129,0.256,0.139,0.157,0.117,0.825,0.141,0.579,0.541,0.127,0.124,0.740,0.127,0.261,0.137,0.099,0.129,0.852,0.179,0.607,0.553,0.150,0.169,0.794,0.188,0.274,0.189,0.120,0.154,0.778,0.130,0.586,0.532,0.153,0.147,0.760,0.141,0.283,0.180,0.105,0.118,0.125,0.137,0.129,0.130,0.128,0.139,0.123,0.123,0.126,0.125,0.124,0.128,0.126,0.134,0.119,0.146,0.155,0.116,0.125,0.123,0.108,0.109,0.103
Raw Data (600),7 h 45 min,0.165,0.125,0.133,0.112,0.119,0.178,0.139,0.133,0.123,0.150,0.121,0.152,0.120,0.787,0.154,0.633,0.568,0.150,0.126,0.752,0.127,0.282,0.145,0.134,0.123,0.825,0.166,0.724,0.577,0.180,0.133,0.786,0.128,0.284,0.138,0.157,0.117,0.816,0.141,0.607,0.565,0.127,0.124,0.730,0.127,0.283,0.136,0.100,0.129,0.837,0.178,0.625,0.579,0.150,0.169,0.786,0.188,0.296,0.186,0.120,0.155,0.759,0.130,0.606,0.555,0.154,0.146,0.750,0.142,0.303,0.179,0.105,0.118,0.125,0.137,0.129,0.131,0.128,0.139,0.123,0.124,0.126,0.125,0.124,0.128,0.126,0.134,0.119,0.146,0.155,0.116,0.125,0.124,0.109,0.108,0.104
Raw Data (600),8 h ,0.176,0.126,0.126,0.110,0.111,0.179,0.132,0.127,0.121,0.158,0.122,0.134,0.120,0.830,0.149,0.669,0.599,0.144,0.126,0.771,0.140,0.296,0.137,0.140,0.117,0.862,0.164,0.745,0.619,0.192,0.135,0.835,0.131,0.293,0.132,0.145,0.113,0.831,0.142,0.634,0.594,0.128,0.125,0.753,0.130,0.299,0.134,0.099,0.131,0.863,0.174,0.629,0.609,0.163,0.168,0.822,0.177,0.316,0.196,0.114,0.149,0.785,0.134,0.612,0.587,0.145,0.151,0.773,0.141,0.323,0.164,0.107,0.122,0.124,0.139,0.125,0.129,0.123,0.145,0.120,0.129,0.123,0.128,0.121,0.118,0.131,0.141,0.124,0.146,0.142,0.122,0.125,0.118,0.108,0.113,0.104
Raw Data (600),8 h 15 min,0.165,0.124,0.133,0.112,0.118,0.176,0.138,0.131,0.123,0.151,0.121,0.151,0.121,0.810,0.153,0.680,0.608,0.150,0.126,0.770,0.128,0.323,0.143,0.134,0.125,0.848,0.164,0.761,0.630,0.181,0.131,0.817,0.128,0.322,0.136,0.155,0.117,0.830,0.141,0.643,0.616,0.127,0.124,0.749,0.127,0.319,0.134,0.100,0.130,0.856,0.179,0.653,0.625,0.152,0.170,0.835,0.188,0.355,0.187,0.119,0.155,0.771,0.130,0.630,0.597,0.152,0.147,0.775,0.140,0.349,0.176,0.105,0.118,0.125,0.137,0.129,0.130,0.128,0.139,0.123,0.124,0.126,0.125,0.124,0.130,0.128,0.135,0.119,0.147,0.152,0.116,0.125,0.121,0.109,0.109,0.103
Raw Data (600),8 h 30 min,0.163,0.124,0.134,0.112,0.119,0.177,0.139,0.135,0.123,0.150,0.121,0.151,0.120,0.800,0.153,0.684,0.637,0.149,0.126,0.767,0.128,0.357,0.143,0.135,0.124,0.839,0.167,0.761,0.651,0.180,0.132,0.806,0.128,0.355,0.134,0.155,0.117,0.808,0.141,0.638,0.635,0.127,0.125,0.740,0.127,0.358,0.134,0.100,0.130,0.822,0.178,0.654,0.639,0.152,0.170,0.810,0.188,0.386,0.187,0.119,0.156,0.766,0.130,0.632,0.607,0.154,0.146,0.756,0.140,0.386,0.179,0.106,0.118,0.126,0.137,0.129,0.131,0.128,0.139,0.123,0.124,0.126,0.126,0.124,0.128,0.126,0.134,0.119,0.146,0.154,0.115,0.125,0.122,0.109,0.109,0.104
Raw Data (600),8 h 45 min,0.166,0.125,0.135,0.112,0.119,0.178,0.139,0.135,0.122,0.150,0.121,0.152,0.120,0.801,0.154,0.698,0.644,0.149,0.126,0.759,0.128,0.389,0.143,0.134,0.124,0.831,0.165,0.794,0.654,0.181,0.132,0.799,0.127,0.379,0.135,0.153,0.117,0.820,0.141,0.647,0.634,0.127,0.124,0.739,0.127,0.390,0.133,0.099,0.129,0.850,0.178,0.669,0.644,0.153,0.169,0.824,0.187,0.426,0.187,0.118,0.155,0.773,0.132,0.654,0.623,0.155,0.146,0.769,0.158,0.417,0.178,0.106,0.118,0.126,0.137,0.128,0.131,0.128,0.140,0.123,0.123,0.126,0.125,0.124,0.129,0.127,0.133,0.119,0.147,0.153,0.115,0.125,0.121,0.108,0.108,0.104
Raw Data (600),9 h ,0.167,0.126,0.134,0.112,0.120,0.179,0.140,0.137,0.122,0.151,0.121,0.157,0.121,0.807,0.153,0.718,0.662,0.150,0.126,0.781,0.130,0.415,0.143,0.134,0.125,0.845,0.166,0.813,0.677,0.181,0.132,0.810,0.128,0.425,0.134,0.153,0.118,0.829,0.141,0.668,0.659,0.127,0.125,0.742,0.126,0.423,0.133,0.100,0.128,0.856,0.178,0.688,0.671,0.154,0.169,0.830,0.187,0.451,0.187,0.117,0.154,0.765,0.132,0.657,0.642,0.158,0.146,0.769,0.142,0.443,0.179,0.106,0.118,0.126,0.137,0.129,0.131,0.128,0.140,0.123,0.123,0.126,0.126,0.125,0.129,0.128,0.134,0.119,0.148,0.152,0.115,0.125,0.121,0.108,0.109,0.104
Raw Data (600),9 h 15 min,0.165,0.124,0.134,0.112,0.119,0.177,0.139,0.134,0.122,0.149,0.120,0.152,0.120,0.804,0.153,0.722,0.674,0.150,0.126,0.770,0.127,0.461,0.142,0.134,0.125,0.845,0.165,0.796,0.688,0.182,0.132,0.831,0.128,0.450,0.135,0.151,0.117,0.808,0.142,0.661,0.672,0.127,0.125,0.741,0.127,0.445,0.136,0.100,0.128,0.858,0.178,0.680,0.677,0.156,0.169,0.821,0.187,0.485,0.187,0.117,0.155,0.785,0.131,0.674,0.650,0.156,0.146,0.774,0.141,0.460,0.179,0.106,0.118,0.124,0.136,0.129,0.131,0.128,0.138,0.124,0.125,0.127,0.125,0.123,0.129,0.128,0.135,0.120,0.149,0.151,0.116,0.125,0.120,0.109,0.109,0.103
Raw Data (600),9 h 30 min,0.176,0.124,0.125,0.109,0.110,0.178,0.130,0.127,0.120,0.157,0.120,0.127,0.118,0.804,0.148,0.737,0.690,0.143,0.126,0.789,0.138,0.465,0.134,0.138,0.117,0.858,0.160,0.810,0.713,0.192,0.134,0.854,0.129,0.476,0.135,0.138,0.113,0.822,0.141,0.675,0.681,0.128,0.125,0.753,0.128,0.485,0.131,0.099,0.127,0.851,0.172,0.678,0.689,0.164,0.168,0.837,0.176,0.504,0.195,0.112,0.149,0.791,0.134,0.667,0.667,0.146,0.151,0.773,0.149,0.493,0.162,0.107,0.121,0.124,0.139,0.126,0.128,0.124,0.144,0.120,0.129,0.123,0.128,0.119,0.118,0.131,0.142,0.123,0.145,0.141,0.121,0.124,0.117,0.107,0.112,0.104
Raw Data (600),9 h 45 min,0.165,0.123,0.134,0.111,0.119,0.177,0.138,0.134,0.122,0.149,0.120,0.150,0.120,0.776,0.153,0.737,0.674,0.149,0.126,0.754,0.128,0.503,0.142,0.134,0.125,0.827,0.166,0.829,0.715,0.181,0.132,0.797,0.128,0.510,0.134,0.151,0.117,0.806,0.141,0.667,0.682,0.127,0.125,0.741,0.127,0.514,0.133,0.099,0.127,0.831,0.176,0.692,0.699,0.152,0.169,0.808,0.186,0.536,0.184,0.118,0.155,0.770,0.131,0.697,0.662,0.155,0.146,0.769,0.140,0.515,0.178,0.105,0.117,0.126,0.137,0.129,0.130,0.128,0.139,0.123,0.124,0.127,0.126,0.124,0.129,0.127,0.133,0.119,0.147,0.154,0.115,0.125,0.120,0.108,0.108,0.103
Raw Data (600),10 h ,0.164,0.123,0.134,0.111,0.118,0.176,0.137,0.134,0.123,0.147,0.120,0.149,0.119,0.808,0.153,0.755,0.699,0.149,0.126,0.775,0.127,0.538,0.142,0.134,0.124,0.843,0.166,0.822,0.724,0.180,0.131,0.817,0.127,0.545,0.132,0.151,0.116,0.823,0.141,0.666,0.691,0.126,0.124,0.747,0.125,0.543,0.132,0.099,0.126,0.846,0.177,0.697,0.689,0.151,0.170,0.812,0.186,0.547,0.183,0.118,0.155,0.778,0.130,0.702,0.661,0.154,0.146,0.759,0.139,0.541,0.180,0.105,0.117,0.125,0.136,0.129,0.130,0.128,0.139,0.123,0.123,0.127,0.125,0.124,0.127,0.125,0.133,0.118,0.146,0.155,0.114,0.125,0.119,0.108,0.107,0.103
Raw Data (600),10 h 15 min,0.166,0.124,0.134,0.111,0.119,0.178,0.137,0.135,0.122,0.149,0.120,0.151,0.119,0.824,0.153,0.763,0.713,0.149,0.126,0.792,0.127,0.541,0.140,0.134,0.124,0.853,0.165,0.836,0.757,0.180,0.131,0.818,0.126,0.532,0.131,0.151,0.116,0.814,0.140,0.674,0.713,0.127,0.124,0.739,0.126,0.545,0.133,0.099,0.127,0.849,0.176,0.700,0.715,0.151,0.168,0.820,0.185,0.561,0.185,0.117,0.155,0.794,0.131,0.684,0.680,0.155,0.146,0.771,0.139,0.547,0.180,0.105,0.117,0.125,0.136,0.128,0.130,0.128,0.140,0.123,0.123,0.126,0.125,0.124,0.127,0.126,0.132,0.118,0.146,0.155,0.114,0.124,0.119,0.107,0.107,0.103
Raw Data (600),10 h 30 min,0.167,0.124,0.134,0.111,0.118,0.180,0.137,0.135,0.122,0.149,0.120,0.150,0.119,0.822,0.153,0.740,0.729,0.149,0.127,0.775,0.128,0.564,0.143,0.134,0.125,0.843,0.164,0.823,0.739,0.181,0.132,0.816,0.127,0.557,0.134,0.148,0.117,0.816,0.141,0.685,0.714,0.126,0.125,0.728,0.127,0.552,0.133,0.098,0.127,0.843,0.176,0.700,0.706,0.153,0.168,0.818,0.185,0.570,0.186,0.115,0.155,0.771,0.130,0.692,0.686,0.155,0.147,0.769,0.138,0.564,0.179,0.105,0.117,0.126,0.136,0.129,0.130,0.128,0.139,0.123,0.124,0.126,0.125,0.124,0.128,0.128,0.133,0.119,0.147,0.155,0.115,0.124,0.119,0.108,0.107,0.103
Raw Data (600),10 h 45 min,0.165,0.122,0.133,0.111,0.117,0.177,0.137,0.133,0.122,0.146,0.120,0.147,0.118,0.794,0.152,0.781,0.738,0.149,0.126,0.784,0.127,0.560,0.140,0.134,0.125,0.879,0.163,0.836,0.753,0.180,0.131,0.860,0.126,0.543,0.131,0.148,0.116,0.833,0.140,0.698,0.716,0.125,0.124,0.738,0.125,0.550,0.133,0.098,0.127,0.885,0.175,0.705,0.723,0.151,0.167,0.849,0.185,0.571,0.184,0.116,0.156,0.820,0.128,0.703,0.690,0.153,0.146,0.789,0.136,0.575,0.179,0.103,0.116,0.124,0.136,0.129,0.129,0.127,0.138,0.124,0.123,0.126,0.124,0.123,0.128,0.126,0.132,0.117,0.145,0.156,0.113,0.124,0.119,0.107,0.107,0.103
Raw Data (600),11 h ,0.175,0.123,0.124,0.108,0.109,0.177,0.128,0.127,0.120,0.154,0.120,0.123,0.117,0.805,0.147,0.777,0.747,0.143,0.126,0.779,0.137,0.578,0.136,0.138,0.116,0.851,0.158,0.827,0.759,0.192,0.134,0.818,0.129,0.563,0.136,0.136,0.112,0.816,0.138,0.685,0.742,0.127,0.125,0.746,0.129,0.570,0.129,0.099,0.125,0.841,0.169,0.703,0.714,0.160,0.168,0.806,0.173,0.583,0.195,0.112,0.150,0.780,0.135,0.701,0.697,0.142,0.150,0.768,0.136,0.575,0.162,0.107,0.120,0.123,0.137,0.125,0.126,0.124,0.144,0.120,0.129,0.123,0.127,0.118,0.117,0.130,0.140,0.122,0.144,0.144,0.120,0.124,0.116,0.108,0.110,0.104
Raw Data (600),11 h 15 min,0.165,0.123,0.133,0.111,0.118,0.176,0.137,0.134,0.123,0.146,0.120,0.145,0.118,0.789,0.153,0.756,0.735,0.149,0.126,0.775,0.128,0.565,0.143,0.134,0.125,0.877,0.165,0.864,0.786,0.181,0.132,0.826,0.127,0.585,0.133,0.148,0.117,0.822,0.140,0.680,0.732,0.127,0.125,0.763,0.126,0.597,0.136,0.099,0.127,0.847,0.176,0.708,0.731,0.150,0.169,0.821,0.186,0.595,0.184,0.117,0.157,0.798,0.130,0.701,0.705,0.151,0.148,0.780,0.136,0.586,0.178,0.104,0.116,0.125,0.136,0.129,0.130,0.128,0.138,0.124,0.126,0.127,0.124,0.123,0.128,0.128,0.133,0.119,0.147,0.158,0.115,0.125,0.118,0.108,0.107,0.104
Raw Data (600),11 h 30 min,0.164,0.121,0.133,0.110,0.117,0.176,0.136,0.133,0.123,0.145,0.120,0.144,0.118,0.797,0.152,0.748,0.741,0.148,0.126,0.788,0.128,0.580,0.141,0.133,0.125,0.855,0.166,0.860,0.789,0.181,0.132,0.838,0.126,0.584,0.137,0.146,0.116,0.835,0.140,0.691,0.749,0.126,0.124,0.746,0.126,0.586,0.133,0.098,0.127,0.874,0.176,0.703,0.733,0.151,0.169,0.827,0.185,0.592,0.185,0.116,0.158,0.799,0.130,0.715,0.701,0.152,0.148,0.778,0.135,0.589,0.177,0.104,0.117,0.124,0.136,0.129,0.130,0.128,0.139,0.124,0.126,0.127,0.125,0.123,0.128,0.127,0.133,0.119,0.146,0.158,0.114,0.124,0.118,0.107,0.107,0.103
Raw Data (600),11 h 45 min,0.175,0.123,0.125,0.108,0.109,0.178,0.127,0.125,0.120,0.152,0.120,0.122,0.117,0.816,0.147,0.772,0.757,0.143,0.126,0.817,0.136,0.582,0.137,0.137,0.117,0.887,0.158,0.854,0.798,0.192,0.134,0.868,0.128,0.593,0.178,0.135,0.112,0.870,0.138,0.689,0.759,0.127,0.125,0.766,0.129,0.612,0.132,0.099,0.126,0.877,0.169,0.704,0.739,0.163,0.166,0.821,0.173,0.609,0.196,0.112,0.150,0.810,0.135,0.715,0.722,0.144,0.150,0.784,0.136,0.600,0.162,0.107,0.120,0.123,0.138,0.126,0.127,0.124,0.144,0.121,0.131,0.123,0.128,0.118,0.117,0.131,0.140,0.123,0.143,0.145,0.120,0.124,0.117,0.107,0.110,0.104
Raw Data (600),12 h ,0.165,0.121,0.133,0.111,0.117,0.176,0.137,0.133,0.123,0.145,0.119,0.147,0.118,0.814,0.151,0.786,0.763,0.149,0.126,0.795,0.128,0.585,0.142,0.134,0.126,0.895,0.166,0.875,0.820,0.181,0.132,0.849,0.126,0.583,0.206,0.146,0.116,0.853,0.139,0.695,0.762,0.126,0.124,0.750,0.125,0.592,0.133,0.098,0.127,0.883,0.175,0.709,0.754,0.150,0.168,0.822,0.184,0.606,0.183,0.116,0.156,0.806,0.129,0.707,0.715,0.153,0.147,0.780,0.135,0.591,0.175,0.104,0.116,0.125,0.136,0.129,0.129,0.128,0.139,0.123,0.126,0.126,0.125,0.124,0.128,0.127,0.132,0.118,0.146,0.158,0.114,0.124,0.117,0.107,0.106,0.103
Raw Data (600),12 h 15 min,0.164,0.122,0.133,0.111,0.118,0.177,0.137,0.133,0.122,0.146,0.119,0.149,0.118,0.785,0.151,0.766,0.751,0.149,0.126,0.775,0.128,0.610,0.141,0.133,0.126,0.871,0.164,0.858,0.809,0.181,0.131,0.823,0.126,0.598,0.134,0.145,0.116,0.862,0.140,0.710,0.731,0.126,0.124,0.750,0.126,0.612,0.134,0.098,0.127,0.865,0.174,0.719,0.744,0.152,0.167,0.825,0.183,0.615,0.184,0.116,0.155,0.813,0.129,0.709,0.723,0.154,0.147,0.775,0.134,0.617,0.177,0.103,0.116,0.124,0.136,0.128,0.130,0.128,0.139,0.124,0.125,0.126,0.124,0.123,0.128,0.127,0.132,0.118,0.146,0.156,0.114,0.125,0.116,0.107,0.106,0.103
Raw Data (600),12 h 30 min,0.164,0.121,0.133,0.110,0.118,0.177,0.137,0.132,0.122,0.144,0.119,0.152,0.117,0.792,0.151,0.749,0.759,0.148,0.125,0.777,0.129,0.597,0.143,0.133,0.126,0.883,0.163,0.841,0.803,0.180,0.132,0.819,0.125,0.602,0.134,0.146,0.117,0.812,0.140,0.709,0.743,0.126,0.125,0.758,0.125,0.612,0.133,0.098,0.127,0.841,0.174,0.718,0.743,0.151,0.168,0.810,0.183,0.616,0.184,0.116,0.156,0.791,0.129,0.708,0.730,0.153,0.147,0.774,0.172,0.619,0.178,0.103,0.116,0.124,0.136,0.129,0.129,0.127,0.138,0.124,0.126,0.127,0.124,0.124,0.128,0.127,0.132,0.118,0.146,0.159,0.113,0.124,0.117,0.107,0.106,0.103
Raw Data (600),12 h 45 min,0.164,0.120,0.133,0.110,0.117,0.176,0.136,0.132,0.122,0.145,0.119,0.147,0.117,0.812,0.151,0.774,0.749,0.148,0.126,0.781,0.129,0.617,0.142,0.133,0.126,0.871,0.162,0.867,0.827,0.181,0.132,0.829,0.125,0.613,0.136,0.145,0.117,0.823,0.140,0.713,0.744,0.126,0.124,0.750,0.126,0.617,0.134,0.098,0.127,0.862,0.175,0.708,0.744,0.151,0.168,0.818,0.183,0.612,0.184,0.116,0.156,0.809,0.129,0.712,0.720,0.152,0.147,0.776,0.134,0.617,0.176,0.104,0.116,0.124,0.136,0.129,0.130,0.128,0.139,0.123,0.126,0.127,0.125,0.123,0.127,0.127,0.132,0.118,0.146,0.158,0.113,0.124,0.117,0.106,0.106,0.104
Raw Data (600),13 h ,0.166,0.121,0.132,0.110,0.117,0.178,0.136,0.132,0.122,0.145,0.119,0.148,0.117,0.823,0.151,0.783,0.749,0.148,0.126,0.787,0.129,0.590,0.141,0.133,0.126,0.914,0.161,0.889,0.848,0.181,0.132,0.868,0.125,0.606,0.133,0.147,0.117,0.861,0.139,0.714,0.789,0.126,0.125,0.766,0.126,0.605,0.134,0.098,0.128,0.887,0.174,0.708,0.777,0.150,0.169,0.856,0.183,0.621,0.185,0.117,0.156,0.823,0.129,0.711,0.736,0.154,0.147,0.784,0.134,0.617,0.176,0.103,0.116,0.124,0.136,0.129,0.130,0.128,0.138,0.124,0.126,0.126,0.125,0.124,0.127,0.127,0.132,0.118,0.146,0.158,0.113,0.124,0.116,0.106,0.106,0.103
Raw Data (600),13 h 15 min,0.176,0.122,0.125,0.108,0.109,0.181,0.128,0.127,0.119,0.155,0.119,0.129,0.116,0.830,0.147,0.772,0.753,0.143,0.126,0.787,0.136,0.606,0.135,0.137,0.118,0.865,0.156,0.859,0.841,0.192,0.134,0.845,0.127,0.590,0.134,0.136,0.112,0.825,0.138,0.723,0.772,0.127,0.125,0.766,0.128,0.602,0.131,0.097,0.127,0.857,0.167,0.712,0.760,0.164,0.165,0.835,0.170,0.620,0.200,0.112,0.147,0.801,0.133,0.702,0.736,0.146,0.150,0.780,0.134,0.623,0.162,0.105,0.120,0.123,0.138,0.125,0.128,0.124,0.144,0.120,0.131,0.123,0.127,0.118,0.117,0.130,0.141,0.122,0.143,0.142,0.118,0.123,0.116,0.107,0.108,0.104
Raw Data (600),13 h 30 min,0.165,0.120,0.133,0.110,0.117,0.178,0.137,0.132,0.122,0.144,0.119,0.153,0.117,0.794,0.151,0.779,0.760,0.149,0.126,0.778,0.129,0.618,0.143,0.132,0.127,0.873,0.162,0.867,0.833,0.179,0.131,0.834,0.125,0.607,0.138,0.149,0.117,0.849,0.139,0.720,0.771,0.125,0.124,0.760,0.126,0.616,0.136,0.098,0.127,0.891,0.173,0.709,0.761,0.151,0.168,0.832,0.183,0.622,0.185,0.117,0.156,0.817,0.129,0.722,0.729,0.154,0.146,0.780,0.135,0.627,0.177,0.103,0.115,0.124,0.136,0.129,0.130,0.127,0.138,0.124,0.126,0.126,0.124,0.122,0.127,0.125,0.132,0.117,0.145,0.158,0.113,0.124,0.118,0.106,0.106,0.104
Raw Data (600),13 h 45 min,0.164,0.120,0.133,0.109,0.118,0.178,0.137,0.132,0.121,0.145,0.118,0.155,0.117,0.812,0.151,0.789,0.760,0.149,0.126,0.782,0.128,0.596,0.141,0.133,0.126,0.855,0.163,0.873,0.844,0.180,0.131,0.831,0.126,0.605,0.137,0.152,0.116,0.858,0.138,0.742,0.792,0.126,0.124,0.761,0.125,0.610,0.134,0.098,0.127,0.909,0.173,0.701,0.769,0.152,0.167,0.835,0.182,0.617,0.185,0.117,0.156,0.802,0.129,0.705,0.759,0.153,0.146,0.777,0.134,0.633,0.176,0.104,0.115,0.125,0.136,0.128,0.129,0.128,0.138,0.123,0.125,0.126,0.125,0.121,0.126,0.124,0.131,0.117,0.143,0.160,0.112,0.124,0.117,0.105,0.105,0.105
Raw Data (600),14 h ,0.165,0.121,0.133,0.110,0.119,0.180,0.137,0.132,0.122,0.145,0.119,0.158,0.117,0.809,0.151,0.779,0.761,0.148,0.126,0.791,0.130,0.599,0.142,0.133,0.127,0.854,0.162,0.882,0.862,0.180,0.131,0.857,0.125,0.589,0.139,0.151,0.117,0.851,0.138,0.718,0.776,0.126,0.124,0.768,0.125,0.601,0.136,0.098,0.128,0.908,0.173,0.718,0.774,0.152,0.168,0.842,0.182,0.616,0.187,0.117,0.160,0.819,0.129,0.702,0.744,0.155,0.146,0.785,0.135,0.636,0.178,0.104,0.116,0.124,0.136,0.129,0.130,0.128,0.138,0.124,0.126,0.127,0.125,0.123,0.127,0.126,0.132,0.118,0.144,0.160,0.113,0.124,0.119,0.106,0.106,0.104
Raw Data (600),14 h 15 min,0.166,0.121,0.133,0.109,0.118,0.178,0.135,0.132,0.121,0.145,0.118,0.155,0.117,0.770,0.151,0.776,0.731,0.148,0.126,0.781,0.129,0.602,0.143,0.132,0.127,0.837,0.163,0.864,0.830,0.181,0.131,0.821,0.125,0.609,0.140,0.149,0.117,0.838,0.138,0.711,0.755,0.126,0.124,0.749,0.125,0.621,0.136,0.098,0.128,0.870,0.171,0.703,0.739,0.153,0.167,0.829,0.182,0.623,0.187,0.116,0.161,0.814,0.129,0.701,0.729,0.154,0.146,0.769,0.134,0.629,0.177,0.104,0.115,0.124,0.136,0.129,0.129,0.128,0.139,0.123,0.126,0.126,0.125,0.121,0.127,0.127,0.132,0.118,0.144,0.156,0.113,0.124,0.117,0.106,0.105,0.103
Raw Data (600),14 h 30 min,0.165,0.120,0.132,0.109,0.119,0.178,0.135,0.132,0.122,0.143,0.118,0.155,0.117,0.780,0.151,0.767,0.720,0.149,0.126,0.765,0.130,0.594,0.145,0.132,0.126,0.878,0.163,0.886,0.812,0.181,0.132,0.842,0.125,0.596,0.141,0.149,0.117,0.829,0.138,0.712,0.751,0.126,0.124,0.766,0.125,0.601,0.138,0.098,0.128,0.888,0.172,0.717,0.737,0.151,0.167,0.840,0.182,0.604,0.186,0.116,0.161,0.816,0.129,0.706,0.742,0.154,0.147,0.780,0.134,0.637,0.178,0.104,0.116,0.124,0.136,0.129,0.129,0.128,0.138,0.124,0.126,0.126,0.124,0.121,0.127,0.127,0.132,0.117,0.144,0.159,0.112,0.124,0.118,0.106,0.104,0.104
Raw Data (600),14 h 45 min,0.165,0.120,0.132,0.109,0.118,0.178,0.136,0.132,0.121,0.144,0.118,0.154,0.117,0.820,0.151,0.762,0.786,0.148,0.126,0.779,0.130,0.609,0.146,0.133,0.126,0.857,0.162,0.861,0.863,0.181,0.131,0.834,0.125,0.590,0.141,0.148,0.117,0.822,0.138,0.740,0.785,0.126,0.124,0.764,0.125,0.609,0.137,0.098,0.128,0.886,0.171,0.706,0.797,0.152,0.167,0.834,0.181,0.610,0.187,0.116,0.162,0.820,0.129,0.685,0.773,0.154,0.146,0.779,0.134,0.628,0.181,0.104,0.116,0.125,0.136,0.128,0.129,0.127,0.139,0.123,0.126,0.126,0.124,0.121,0.128,0.127,0.132,0.117,0.144,0.156,0.112,0.124,0.118,0.106,0.105,0.103
Raw Data (600),15 h ,0.164,0.120,0.132,0.108,0.118,0.176,0.135,0.131,0.121,0.143,0.118,0.154,0.117,0.808,0.151,0.767,0.755,0.148,0.125,0.779,0.129,0.627,0.148,0.132,0.126,0.850,0.160,0.855,0.829,0.181,0.132,0.845,0.125,0.618,0.148,0.149,0.117,0.830,0.138,0.736,0.740,0.125,0.124,0.760,0.124,0.618,0.143,0.098,0.127,0.876,0.171,0.708,0.769,0.153,0.167,0.833,0.181,0.623,0.192,0.116,0.162,0.806,0.128,0.696,0.751,0.152,0.146,0.782,0.133,0.640,0.181,0.103,0.115,0.124,0.136,0.129,0.129,0.127,0.138,0.123,0.125,0.126,0.124,0.121,0.127,0.126,0.131,0.117,0.143,0.156,0.112,0.124,0.117,0.105,0.104,0.104
Raw Data (600),15 h 15 min,0.165,0.120,0.132,0.109,0.118,0.177,0.135,0.131,0.121,0.142,0.118,0.152,0.117,0.801,0.150,0.763,0.761,0.148,0.127,0.758,0.129,0.598,0.144,0.133,0.126,0.848,0.161,0.877,0.862,0.181,0.131,0.825,0.125,0.596,0.146,0.149,0.117,0.855,0.138,0.724,0.788,0.126,0.124,0.759,0.125,0.604,0.142,0.098,0.127,0.901,0.172,0.699,0.794,0.150,0.168,0.832,0.181,0.619,0.187,0.117,0.162,0.821,0.129,0.696,0.751,0.153,0.147,0.771,0.133,0.628,0.182,0.104,0.116,0.124,0.137,0.129,0.129,0.127,0.139,0.123,0.125,0.126,0.125,0.120,0.128,0.127,0.131,0.117,0.144,0.157,0.112,0.124,0.118,0.105,0.104,0.104
Raw Data (600),15 h 30 min,0.166,0.120,0.132,0.109,0.117,0.177,0.135,0.131,0.121,0.145,0.117,0.155,0.117,0.851,0.150,0.754,0.748,0.148,0.126,0.771,0.129,0.624,0.148,0.132,0.126,0.875,0.161,0.854,0.820,0.181,0.131,0.836,0.125,0.606,0.149,0.150,0.116,0.831,0.137,0.723,0.749,0.126,0.124,0.766,0.124,0.611,0.146,0.099,0.127,0.884,0.170,0.703,0.769,0.153,0.167,0.827,0.181,0.625,0.194,0.115,0.162,0.818,0.130,0.688,0.747,0.153,0.146,0.772,0.133,0.636,0.189,0.104,0.116,0.124,0.136,0.128,0.129,0.128,0.138,0.123,0.126,0.126,0.124,0.121,0.127,0.125,0.131,0.116,0.143,0.157,0.112,0.124,0.118,0.105,0.104,0.104
Raw Data (600),15 h 45 min,0.165,0.119,0.132,0.109,0.118,0.178,0.135,0.131,0.121,0.145,0.118,0.155,0.117,0.814,0.151,0.768,0.789,0.148,0.126,0.762,0.129,0.601,0.148,0.132,0.126,0.866,0.161,0.881,0.865,0.180,0.131,0.827,0.124,0.585,0.148,0.147,0.117,0.846,0.138,0.721,0.814,0.126,0.124,0.762,0.125,0.590,0.144,0.098,0.127,0.901,0.171,0.704,0.805,0.152,0.166,0.823,0.180,0.608,0.191,0.116,0.161,0.806,0.130,0.686,0.768,0.155,0.146,0.775,0.134,0.622,0.188,0.104,0.115,0.124,0.135,0.129,0.130,0.127,0.138,0.123,0.126,0.126,0.124,0.120,0.129,0.126,0.131,0.117,0.144,0.156,0.112,0.123,0.118,0.105,0.104,0.104
Raw Data (600),16 h ,0.165,0.120,0.132,0.108,0.118,0.176,0.135,0.131,0.122,0.143,0.117,0.154,0.117,0.816,0.150,0.754,0.735,0.148,0.126,0.778,0.129,0.593,0.148,0.131,0.126,0.856,0.162,0.865,0.833,0.182,0.131,0.838,0.124,0.575,0.151,0.148,0.116,0.821,0.138,0.716,0.752,0.126,0.124,0.759,0.124,0.592,0.146,0.098,0.127,0.874,0.171,0.696,0.754,0.153,0.168,0.829,0.180,0.614,0.197,0.115,0.163,0.807,0.129,0.697,0.733,0.151,0.146,0.775,0.132,0.636,0.187,0.104,0.116,0.124,0.135,0.129,0.129,0.128,0.138,0.123,0.125,0.126,0.124,0.119,0.127,0.126,0.131,0.117,0.143,0.154,0.112,0.123,0.117,0.105,0.104,0.104
Raw Data (600),16 h 15 min,0.163,0.118,0.132,0.108,0.116,0.175,0.133,0.130,0.120,0.142,0.117,0.152,0.116,0.799,0.150,0.750,0.741,0.148,0.126,0.764,0.130,0.593,0.160,0.131,0.125,0.871,0.161,0.868,0.853,0.181,0.131,0.850,0.125,0.572,0.159,0.150,0.116,0.829,0.139,0.711,0.789,0.125,0.124,0.756,0.124,0.581,0.156,0.099,0.126,0.886,0.171,0.708,0.759,0.152,0.168,0.837,0.180,0.610,0.196,0.115,0.162,0.809,0.129,0.698,0.714,0.151,0.146,0.772,0.132,0.618,0.189,0.103,0.114,0.124,0.135,0.128,0.130,0.128,0.138,0.123,0.126,0.126,0.124,0.119,0.127,0.125,0.130,0.116,0.142,0.156,0.111,0.123,0.118,0.104,0.103,0.103
Raw Data (600),16 h 30 min,0.165,0.119,0.132,0.108,0.116,0.176,0.134,0.130,0.121,0.143,0.118,0.152,0.117,0.788,0.150,0.755,0.766,0.148,0.126,0.759,0.131,0.578,0.151,0.131,0.126,0.842,0.161,0.880,0.886,0.181,0.132,0.842,0.126,0.583,0.163,0.152,0.116,0.841,0.139,0.723,0.811,0.126,0.124,0.764,0.125,0.596,0.152,0.099,0.127,0.899,0.171,0.694,0.798,0.152,0.168,0.837,0.180,0.606,0.196,0.116,0.163,0.820,0.128,0.687,0.763,0.151,0.147,0.776,0.132,0.618,0.191,0.104,0.116,0.123,0.135,0.129,0.130,0.128,0.138,0.123,0.126,0.126,0.124,0.119,0.127,0.124,0.130,0.117,0.143,0.155,0.111,0.123,0.119,0.104,0.103,0.103
Raw Data (600),16 h 45 min,0.163,0.119,0.132,0.108,0.116,0.176,0.134,0.129,0.121,0.144,0.118,0.154,0.116,0.806,0.150,0.761,0.757,0.148,0.126,0.770,0.130,0.585,0.157,0.132,0.126,0.844,0.160,0.869,0.847,0.182,0.132,0.836,0.126,0.589,0.168,0.153,0.117,0.807,0.139,0.702,0.776,0.126,0.124,0.757,0.125,0.593,0.161,0.099,0.126,0.857,0.171,0.705,0.793,0.152,0.168,0.834,0.180,0.620,0.203,0.117,0.163,0.787,0.128,0.701,0.740,0.150,0.148,0.783,0.132,0.624,0.193,0.104,0.115,0.123,0.136,0.129,0.129,0.127,0.138,0.123,0.126,0.126,0.124,0.118,0.127,0.123,0.130,0.117,0.142,0.156,0.112,0.123,0.118,0.104,0.104,0.103
Raw Data (600),17 h ,0.163,0.119,0.132,0.108,0.117,0.175,0.134,0.129,0.122,0.143,0.117,0.153,0.116,0.769,0.150,0.755,0.722,0.149,0.126,0.761,0.131,0.578,0.161,0.132,0.126,0.834,0.160,0.867,0.858,0.181,0.132,0.865,0.125,0.573,0.176,0.151,0.117,0.868,0.140,0.703,0.805,0.126,0.124,0.762,0.124,0.584,0.165,0.099,0.127,0.899,0.171,0.704,0.793,0.152,0.167,0.850,0.180,0.611,0.203,0.115,0.164,0.801,0.128,0.691,0.737,0.151,0.147,0.780,0.132,0.617,0.196,0.104,0.114,0.123,0.136,0.129,0.130,0.128,0.138,0.123,0.126,0.126,0.124,0.119,0.127,0.123,0.130,0.116,0.144,0.156,0.113,0.123,0.120,0.104,0.103,0.102
Raw Data (600),17 h 15 min,0.162,0.118,0.131,0.107,0.115,0.173,0.134,0.130,0.121,0.142,0.117,0.154,0.116,0.806,0.150,0.763,0.777,0.148,0.126,0.762,0.130,0.577,0.165,0.132,0.125,0.876,0.159,0.904,0.881,0.181,0.132,0.869,0.125,0.578,0.185,0.152,0.116,0.845,0.139,0.732,0.801,0.126,0.124,0.768,0.124,0.592,0.171,0.099,0.126,0.897,0.170,0.743,0.830,0.151,0.168,0.858,0.180,0.603,0.212,0.116,0.163,0.797,0.128,0.699,0.769,0.148,0.146,0.794,0.132,0.615,0.199,0.103,0.115,0.123,0.136,0.128,0.129,0.127,0.138,0.123,0.126,0.126,0.124,0.120,0.126,0.123,0.129,0.116,0.142,0.153,0.111,0.122,0.118,0.103,0.103,0.102
Raw Data (600),17 h 30 min,0.163,0.119,0.132,0.108,0.116,0.175,0.133,0.130,0.121,0.144,0.117,0.153,0.116,0.780,0.150,0.752,0.756,0.148,0.126,0.767,0.130,0.579,0.168,0.132,0.125,0.846,0.160,0.881,0.835,0.181,0.132,0.832,0.126,0.571,0.240,0.153,0.117,0.814,0.139,0.692,0.781,0.126,0.124,0.753,0.124,0.585,0.173,0.099,0.126,0.853,0.170,0.699,0.777,0.151,0.167,0.825,0.180,0.599,0.210,0.116,0.163,0.800,0.128,0.682,0.735,0.151,0.147,0.765,0.132,0.616,0.202,0.104,0.114,0.124,0.136,0.128,0.129,0.128,0.139,0.124,0.126,0.127,0.124,0.121,0.127,0.124,0.130,0.116,0.143,0.156,0.112,0.123,0.120,0.103,0.103,0.103
Raw Data (600),17 h 45 min,0.163,0.119,0.131,0.108,0.115,0.173,0.134,0.129,0.121,0.143,0.117,0.153,0.116,0.785,0.150,0.750,0.780,0.148,0.126,0.756,0.130,0.579,0.171,0.131,0.124,0.842,0.160,0.892,0.859,0.182,0.131,0.847,0.126,0.566,0.193,0.152,0.116,0.808,0.139,0.698,0.765,0.126,0.124,0.754,0.124,0.579,0.180,0.099,0.125,0.855,0.169,0.708,0.815,0.152,0.167,0.854,0.180,0.611,0.223,0.116,0.162,0.789,0.127,0.697,0.751,0.149,0.147,0.784,0.131,0.611,0.206,0.103,0.114,0.123,0.136,0.129,0.130,0.128,0.138,0.124,0.126,0.126,0.124,0.120,0.126,0.123,0.129,0.117,0.141,0.153,0.111,0.123,0.118,0.103,0.103,0.103
Raw Data (600),18 h ,0.163,0.118,0.132,0.107,0.116,0.173,0.134,0.130,0.122,0.142,0.117,0.153,0.116,0.777,0.150,0.747,0.729,0.148,0.126,0.744,0.129,0.565,0.173,0.131,0.124,0.844,0.160,0.870,0.862,0.181,0.131,0.847,0.124,0.552,0.197,0.152,0.116,0.811,0.139,0.695,0.771,0.125,0.124,0.758,0.124,0.569,0.182,0.099,0.124,0.862,0.169,0.710,0.790,0.153,0.168,0.836,0.178,0.588,0.217,0.115,0.161,0.788,0.128,0.672,0.720,0.150,0.146,0.771,0.131,0.606,0.211,0.103,0.114,0.124,0.136,0.128,0.130,0.128,0.138,0.123,0.125,0.126,0.125,0.121,0.125,0.125,0.130,0.117,0.142,0.155,0.111,0.123,0.116,0.103,0.103,0.103
Raw Data (600),18 h 15 min,0.163,0.119,0.131,0.108,0.116,0.172,0.134,0.130,0.121,0.143,0.117,0.153,0.116,0.807,0.150,0.750,0.784,0.149,0.126,0.772,0.131,0.562,0.173,0.132,0.124,0.870,0.159,0.874,0.846,0.182,0.131,0.852,0.125,0.558,0.201,0.153,0.117,0.810,0.138,0.691,0.793,0.127,0.124,0.753,0.124,0.576,0.190,0.099,0.126,0.881,0.168,0.693,0.818,0.154,0.169,0.845,0.179,0.592,0.225,0.116,0.163,0.793,0.127,0.685,0.776,0.149,0.146,0.786,0.132,0.613,0.216,0.103,0.114,0.123,0.136,0.128,0.129,0.128,0.138,0.123,0.127,0.126,0.124,0.121,0.126,0.124,0.130,0.116,0.142,0.155,0.111,0.123,0.117,0.104,0.103,0.102
Raw Data (600),18 h 30 min,0.163,0.119,0.131,0.108,0.117,0.172,0.134,0.130,0.121,0.141,0.117,0.152,0.116,0.769,0.150,0.744,0.758,0.149,0.126,0.729,0.129,0.559,0.184,0.131,0.125,0.826,0.159,0.874,0.857,0.182,0.131,0.842,0.125,0.541,0.213,0.154,0.116,0.833,0.139,0.708,0.764,0.127,0.124,0.738,0.124,0.559,0.201,0.099,0.126,0.875,0.169,0.699,0.806,0.153,0.168,0.834,0.179,0.590,0.237,0.116,0.163,0.801,0.127,0.690,0.718,0.148,0.147,0.764,0.131,0.609,0.223,0.103,0.113,0.123,0.136,0.129,0.130,0.128,0.138,0.123,0.126,0.127,0.125,0.121,0.126,0.125,0.130,0.117,0.143,0.153,0.112,0.122,0.115,0.103,0.103,0.103
Raw Data (600),18 h 45 min,0.164,0.119,0.131,0.108,0.117,0.171,0.135,0.130,0.122,0.140,0.117,0.153,0.116,0.772,0.150,0.734,0.780,0.149,0.126,0.761,0.130,0.547,0.184,0.131,0.125,0.822,0.159,0.846,0.848,0.182,0.131,0.825,0.125,0.534,0.216,0.154,0.116,0.806,0.138,0.686,0.773,0.127,0.124,0.750,0.123,0.564,0.205,0.099,0.126,0.846,0.169,0.675,0.792,0.153,0.168,0.823,0.178,0.584,0.235,0.116,0.162,0.769,0.128,0.670,0.746,0.150,0.147,0.776,0.134,0.608,0.225,0.104,0.113,0.124,0.136,0.129,0.130,0.128,0.138,0.124,0.127,0.127,0.124,0.122,0.126,0.126,0.130,0.117,0.142,0.154,0.112,0.123,0.116,0.103,0.103,0.103
Raw Data (600),19 h ,0.164,0.119,0.131,0.108,0.117,0.173,0.135,0.131,0.121,0.143,0.117,0.154,0.116,0.771,0.150,0.743,0.781,0.148,0.126,0.743,0.129,0.558,0.199,0.132,0.125,0.823,0.158,0.880,0.855,0.182,0.131,0.831,0.125,0.541,0.235,0.151,0.116,0.797,0.139,0.704,0.747,0.126,0.125,0.731,0.124,0.555,0.219,0.099,0.126,0.845,0.167,0.712,0.797,0.155,0.168,0.834,0.178,0.582,0.259,0.115,0.161,0.765,0.128,0.684,0.777,0.152,0.147,0.787,0.132,0.610,0.242,0.104,0.114,0.125,0.136,0.129,0.130,0.128,0.138,0.124,0.126,0.126,0.125,0.122,0.126,0.127,0.130,0.116,0.143,0.153,0.112,0.123,0.115,0.104,0.103,0.103
Raw Data (600),19 h 15 min,0.163,0.119,0.131,0.108,0.116,0.173,0.135,0.131,0.121,0.142,0.117,0.154,0.115,0.760,0.149,0.708,0.795,0.148,0.126,0.756,0.130,0.539,0.191,0.131,0.124,0.808,0.158,0.801,0.806,0.182,0.132,0.821,0.125,0.521,0.225,0.152,0.116,0.792,0.139,0.679,0.760,0.125,0.124,0.748,0.123,0.549,0.216,0.099,0.125,0.840,0.166,0.667,0.781,0.154,0.167,0.818,0.178,0.583,0.253,0.114,0.161,0.766,0.128,0.656,0.766,0.151,0.146,0.779,0.159,0.597,0.240,0.103,0.113,0.123,0.136,0.129,0.130,0.128,0.138,0.123,0.126,0.126,0.124,0.122,0.125,0.127,0.130,0.116,0.144,0.153,0.113,0.122,0.115,0.104,0.103,0.102
Raw Data (600),19 h 30 min,0.163,0.119,0.131,0.108,0.117,0.173,0.135,0.131,0.121,0.141,0.117,0.155,0.116,0.750,0.149,0.721,0.813,0.149,0.126,0.742,0.130,0.552,0.211,0.131,0.124,0.798,0.157,0.853,0.814,0.182,0.131,0.830,0.125,0.538,0.251,0.152,0.116,0.781,0.138,0.678,0.727,0.125,0.124,0.728,0.123,0.550,0.235,0.099,0.125,0.834,0.166,0.686,0.775,0.154,0.168,0.828,0.178,0.573,0.270,0.115,0.161,0.753,0.127,0.662,0.769,0.151,0.146,0.785,0.144,0.596,0.255,0.104,0.113,0.124,0.136,0.129,0.129,0.127,0.138,0.123,0.126,0.126,0.124,0.122,0.125,0.126,0.130,0.116,0.143,0.152,0.112,0.122,0.115,0.104,0.103,0.102
Raw Data (600),19 h 45 min,0.173,0.121,0.123,0.106,0.107,0.173,0.126,0.124,0.118,0.147,0.117,0.128,0.114,0.768,0.144,0.722,0.790,0.143,0.126,0.760,0.133,0.528,0.202,0.134,0.116,0.784,0.151,0.838,0.781,0.192,0.134,0.816,0.125,0.508,0.248,0.138,0.111,0.788,0.136,0.687,0.726,0.125,0.125,0.745,0.126,0.542,0.232,0.097,0.124,0.816,0.160,0.677,0.739,0.164,0.165,0.803,0.166,0.558,0.283,0.110,0.155,0.739,0.133,0.659,0.740,0.141,0.150,0.776,0.130,0.590,0.239,0.106,0.118,0.123,0.138,0.125,0.127,0.124,0.143,0.120,0.131,0.123,0.127,0.116,0.116,0.129,0.138,0.119,0.139,0.139,0.119,0.122,0.112,0.105,0.105,0.103
Raw Data (600),20 h ,0.161,0.118,0.130,0.108,0.115,0.173,0.134,0.131,0.121,0.141,0.117,0.151,0.115,0.784,0.148,0.717,0.762,0.148,0.126,0.740,0.129,0.528,0.222,0.131,0.124,0.808,0.160,0.825,0.813,0.182,0.131,0.813,0.125,0.512,0.267,0.152,0.116,0.789,0.138,0.668,0.740,0.123,0.124,0.735,0.123,0.532,0.254,0.099,0.125,0.830,0.167,0.676,0.768,0.151,0.168,0.811,0.177,0.558,0.284,0.115,0.162,0.763,0.127,0.663,0.738,0.151,0.147,0.783,0.137,0.593,0.262,0.103,0.113,0.123,0.136,0.128,0.129,0.127,0.138,0.123,0.126,0.126,0.124,0.120,0.125,0.126,0.130,0.116,0.142,0.154,0.113,0.122,0.115,0.104,0.102,0.102
Raw Data (600),20 h 15 min,0.162,0.118,0.131,0.108,0.115,0.175,0.135,0.132,0.121,0.141,0.117,0.152,0.115,0.762,0.149,0.702,0.765,0.148,0.126,0.747,0.131,0.526,0.230,0.130,0.124,0.797,0.159,0.817,0.789,0.181,0.132,0.803,0.125,0.512,0.273,0.153,0.116,0.782,0.138,0.673,0.718,0.123,0.124,0.732,0.124,0.530,0.264,0.098,0.125,0.825,0.167,0.666,0.752,0.150,0.168,0.798,0.178,0.551,0.292,0.116,0.162,0.755,0.126,0.653,0.729,0.152,0.147,0.780,0.146,0.582,0.273,0.104,0.113,0.123,0.136,0.129,0.129,0.128,0.138,0.124,0.126,0.126,0.124,0.121,0.125,0.125,0.130,0.116,0.142,0.156,0.113,0.122,0.117,0.105,0.103,0.102
Raw Data (600),20 h 30 min,0.162,0.119,0.130,0.108,0.115,0.176,0.134,0.131,0.121,0.141,0.117,0.153,0.115,0.756,0.149,0.710,0.803,0.148,0.126,0.744,0.130,0.523,0.230,0.131,0.124,0.789,0.158,0.838,0.810,0.182,0.131,0.818,0.124,0.504,0.285,0.153,0.116,0.785,0.137,0.665,0.745,0.123,0.124,0.746,0.123,0.524,0.265,0.098,0.125,0.822,0.166,0.666,0.778,0.151,0.169,0.815,0.177,0.534,0.299,0.115,0.162,0.749,0.127,0.651,0.740,0.151,0.147,0.778,0.134,0.577,0.277,0.103,0.113,0.123,0.136,0.128,0.130,0.128,0.138,0.124,0.126,0.126,0.124,0.121,0.125,0.124,0.129,0.115,0.142,0.154,0.112,0.122,0.116,0.104,0.103,0.102
Raw Data (600),20 h 45 min,0.172,0.121,0.122,0.105,0.106,0.176,0.124,0.121,0.118,0.148,0.116,0.127,0.114,0.767,0.143,0.716,0.733,0.143,0.125,0.747,0.132,0.511,0.231,0.134,0.115,0.775,0.151,0.810,0.743,0.192,0.134,0.781,0.125,0.487,0.286,0.138,0.111,0.776,0.135,0.674,0.705,0.125,0.125,0.733,0.126,0.517,0.267,0.096,0.123,0.802,0.160,0.653,0.721,0.162,0.166,0.781,0.166,0.525,0.316,0.110,0.155,0.750,0.133,0.642,0.722,0.141,0.150,0.760,0.129,0.563,0.275,0.105,0.117,0.122,0.138,0.125,0.126,0.123,0.143,0.120,0.131,0.122,0.127,0.115,0.115,0.128,0.137,0.119,0.139,0.139,0.118,0.121,0.111,0.104,0.105,0.102
Raw Data (600),21 h ,0.160,0.118,0.130,0.108,0.114,0.174,0.134,0.131,0.121,0.140,0.117,0.152,0.115,0.728,0.149,0.688,0.730,0.148,0.126,0.737,0.129,0.516,0.252,0.130,0.124,0.767,0.158,0.776,0.788,0.182,0.131,0.791,0.125,0.492,0.305,0.153,0.116,0.767,0.137,0.661,0.717,0.123,0.124,0.729,0.123,0.508,0.288,0.098,0.125,0.821,0.166,0.646,0.742,0.151,0.168,0.790,0.176,0.538,0.320,0.116,0.162,0.754,0.127,0.637,0.712,0.150,0.147,0.761,0.132,0.564,0.296,0.103,0.113,0.123,0.136,0.128,0.129,0.127,0.138,0.123,0.127,0.126,0.125,0.121,0.126,0.125,0.130,0.116,0.141,0.154,0.113,0.122,0.115,0.104,0.104,0.102
Raw Data (600),21 h 15 min,0.160,0.117,0.129,0.108,0.115,0.176,0.133,0.131,0.120,0.141,0.116,0.150,0.115,0.728,0.148,0.704,0.744,0.147,0.126,0.742,0.128,0.504,0.257,0.130,0.123,0.768,0.158,0.793,0.742,0.182,0.131,0.810,0.124,0.492,0.293,0.151,0.116,0.776,0.138,0.668,0.692,0.122,0.124,0.746,0.123,0.511,0.293,0.098,0.125,0.826,0.164,0.650,0.720,0.153,0.167,0.805,0.176,0.536,0.338,0.114,0.161,0.754,0.127,0.640,0.693,0.151,0.147,0.769,0.130,0.561,0.310,0.103,0.112,0.124,0.136,0.128,0.130,0.128,0.138,0.124,0.126,0.126,0.124,0.121,0.124,0.126,0.129,0.116,0.141,0.153,0.113,0.122,0.115,0.104,0.104,0.102
Raw Data (600),21 h 30 min,0.161,0.118,0.129,0.107,0.115,0.177,0.134,0.131,0.119,0.141,0.116,0.151,0.114,0.761,0.148,0.694,0.703,0.148,0.126,0.734,0.128,0.502,0.269,0.130,0.123,0.745,0.157,0.797,0.751,0.182,0.131,0.802,0.124,0.488,0.306,0.149,0.115,0.771,0.138,0.665,0.695,0.123,0.124,0.746,0.123,0.501,0.305,0.097,0.124,0.813,0.165,0.646,0.707,0.151,0.167,0.804,0.175,0.523,0.346,0.114,0.160,0.741,0.127,0.636,0.703,0.152,0.146,0.758,0.136,0.558,0.311,0.103,0.112,0.124,0.136,0.128,0.129,0.127,0.138,0.123,0.126,0.126,0.124,0.121,0.124,0.125,0.129,0.116,0.141,0.153,0.113,0.121,0.114,0.104,0.103,0.101
Raw Data (600),21 h 45 min,0.161,0.119,0.129,0.107,0.115,0.178,0.134,0.131,0.119,0.141,0.116,0.154,0.115,0.722,0.149,0.690,0.730,0.149,0.127,0.745,0.127,0.494,0.275,0.130,0.123,0.748,0.159,0.772,0.781,0.181,0.131,0.802,0.125,0.478,0.309,0.153,0.115,0.773,0.136,0.654,0.691,0.123,0.124,0.762,0.123,0.500,0.310,0.098,0.125,0.806,0.164,0.632,0.727,0.151,0.168,0.802,0.176,0.521,0.346,0.115,0.159,0.737,0.127,0.629,0.695,0.154,0.146,0.765,0.143,0.547,0.325,0.104,0.113,0.125,0.137,0.128,0.129,0.127,0.139,0.122,0.126,0.126,0.125,0.122,0.123,0.123,0.129,0.115,0.139,0.156,0.112,0.121,0.117,0.104,0.103,0.102
Raw Data (600),22 h ,0.163,0.120,0.128,0.107,0.115,0.179,0.134,0.131,0.119,0.143,0.116,0.154,0.115,0.719,0.147,0.677,0.684,0.149,0.127,0.736,0.126,0.494,0.272,0.131,0.123,0.728,0.158,0.758,0.724,0.181,0.130,0.775,0.125,0.472,0.301,0.154,0.115,0.767,0.136,0.650,0.668,0.123,0.123,0.744,0.123,0.489,0.310,0.098,0.125,0.800,0.164,0.626,0.700,0.153,0.168,0.800,0.175,0.502,0.353,0.114,0.158,0.724,0.128,0.620,0.670,0.155,0.145,0.761,0.134,0.540,0.325,0.104,0.112,0.125,0.137,0.128,0.130,0.127,0.139,0.122,0.125,0.126,0.125,0.122,0.125,0.122,0.128,0.115,0.140,0.155,0.111,0.121,0.116,0.104,0.102,0.102
Raw Data (600),22 h 15 min,0.163,0.119,0.129,0.108,0.116,0.179,0.134,0.131,0.120,0.141,0.115,0.155,0.115,0.718,0.148,0.691,0.693,0.149,0.127,0.719,0.127,0.494,0.290,0.131,0.123,0.714,0.158,0.776,0.741,0.181,0.131,0.785,0.125,0.473,0.331,0.154,0.116,0.741,0.137,0.653,0.675,0.123,0.124,0.722,0.123,0.483,0.327,0.098,0.125,0.781,0.163,0.639,0.712,0.153,0.167,0.752,0.175,0.506,0.366,0.113,0.164,0.720,0.129,0.613,0.675,0.155,0.146,0.716,0.158,0.537,0.336,0.103,0.113,0.125,0.137,0.128,0.129,0.128,0.139,0.122,0.126,0.126,0.125,0.123,0.125,0.122,0.129,0.116,0.139,0.155,0.112,0.121,0.117,0.104,0.103,0.102
Raw Data (600),22 h 30 min,0.172,0.122,0.122,0.105,0.107,0.181,0.125,0.124,0.117,0.147,0.116,0.131,0.114,0.755,0.142,0.684,0.665,0.143,0.126,0.721,0.134,0.478,0.277,0.134,0.115,0.707,0.152,0.746,0.694,0.192,0.133,0.718,0.126,0.457,0.325,0.141,0.111,0.727,0.135,0.649,0.650,0.124,0.124,0.731,0.126,0.483,0.304,0.097,0.123,0.749,0.159,0.619,0.664,0.163,0.165,0.764,0.164,0.498,0.372,0.109,0.158,0.719,0.131,0.614,0.648,0.144,0.150,0.713,0.133,0.531,0.327,0.105,0.118,0.124,0.138,0.125,0.127,0.124,0.144,0.120,0.132,0.123,0.128,0.116,0.115,0.127,0.136,0.118,0.137,0.143,0.116,0.121,0.112,0.103,0.104,0.103
Raw Data (600),22 h 45 min,0.161,0.118,0.130,0.107,0.116,0.179,0.134,0.132,0.120,0.140,0.116,0.155,0.115,0.701,0.148,0.663,0.685,0.148,0.127,0.760,0.128,0.483,0.295,0.131,0.123,0.713,0.158,0.732,0.691,0.181,0.131,0.709,0.124,0.463,0.306,0.152,0.116,0.752,0.137,0.635,0.644,0.123,0.124,0.725,0.123,0.470,0.309,0.098,0.125,0.758,0.163,0.607,0.662,0.152,0.167,0.738,0.175,0.490,0.374,0.113,0.164,0.708,0.128,0.602,0.635,0.154,0.146,0.724,0.142,0.524,0.341,0.103,0.113,0.124,0.136,0.128,0.129,0.127,0.139,0.123,0.126,0.126,0.125,0.121,0.124,0.123,0.129,0.116,0.140,0.156,0.113,0.121,0.116,0.104,0.103,0.102
Raw Data (600),23 h ,0.161,0.118,0.130,0.107,0.117,0.179,0.134,0.131,0.120,0.140,0.116,0.156,0.115,0.669,0.149,0.654,0.630,0.149,0.127,0.704,0.128,0.473,0.299,0.131,0.123,0.689,0.159,0.698,0.662,0.181,0.130,0.733,0.124,0.444,0.302,0.154,0.116,0.711,0.137,0.625,0.628,0.123,0.124,0.700,0.123,0.459,0.309,0.098,0.125,0.742,0.164,0.594,0.648,0.152,0.168,0.722,0.176,0.486,0.366,0.114,0.165,0.706,0.128,0.605,0.621,0.155,0.146,0.738,0.132,0.518,0.342,0.104,0.113,0.125,0.137,0.129,0.130,0.128,0.139,0.123,0.126,0.126,0.125,0.121,0.123,0.120,0.128,0.114,0.138,0.160,0.111,0.121,0.120,0.104,0.102,0.104
Raw Data (600),23 h 15 min,0.161,0.118,0.129,0.106,0.115,0.179,0.132,0.130,0.118,0.139,0.115,0.151,0.115,0.688,0.148,0.659,0.653,0.149,0.126,0.719,0.126,0.467,0.312,0.131,0.122,0.702,0.158,0.728,0.668,0.181,0.131,0.726,0.125,0.453,0.301,0.152,0.115,0.735,0.137,0.633,0.629,0.123,0.124,0.722,0.123,0.461,0.321,0.098,0.124,0.734,0.163,0.600,0.636,0.151,0.167,0.756,0.177,0.491,0.375,0.114,0.164,0.684,0.127,0.605,0.614,0.153,0.146,0.701,0.132,0.518,0.350,0.103,0.112,0.124,0.136,0.128,0.130,0.127,0.138,0.123,0.126,0.126,0.125,0.121,0.122,0.120,0.127,0.114,0.138,0.159,0.111,0.121,0.120,0.104,0.102,0.103
Raw Data (600),23 h 30 min,0.161,0.117,0.129,0.107,0.115,0.178,0.133,0.131,0.120,0.138,0.115,0.150,0.115,0.678,0.148,0.653,0.663,0.149,0.127,0.733,0.127,0.472,0.317,0.131,0.123,0.688,0.158,0.717,0.683,0.181,0.131,0.695,0.124,0.460,0.315,0.153,0.116,0.751,0.137,0.617,0.627,0.123,0.124,0.736,0.123,0.468,0.333,0.098,0.125,0.738,0.163,0.594,0.656,0.153,0.168,0.731,0.176,0.486,0.379,0.113,0.165,0.693,0.128,0.595,0.617,0.153,0.146,0.702,0.132,0.521,0.358,0.103,0.113,0.125,0.136,0.128,0.130,0.128,0.139,0.123,0.126,0.127,0.125,0.120,0.123,0.122,0.128,0.114,0.139,0.158,0.111,0.122,0.119,0.104,0.103,0.103
Raw Data (600),23 h 45 min,0.160,0.116,0.129,0.106,0.115,0.179,0.132,0.131,0.119,0.137,0.115,0.150,0.114,0.668,0.148,0.637,0.643,0.148,0.126,0.701,0.127,0.453,0.302,0.130,0.122,0.683,0.158,0.692,0.658,0.180,0.130,0.680,0.124,0.435,0.300,0.152,0.116,0.715,0.136,0.615,0.615,0.123,0.123,0.715,0.122,0.442,0.305,0.097,0.124,0.732,0.164,0.582,0.643,0.150,0.167,0.734,0.177,0.471,0.367,0.113,0.165,0.687,0.127,0.583,0.593,0.153,0.146,0.714,0.130,0.497,0.347,0.102,0.112,0.125,0.136,0.128,0.129,0.127,0.139,0.123,0.125,0.126,0.124,0.120,0.123,0.120,0.127,0.113,0.138,0.160,0.110,0.121,0.120,0.104,0.102,0.102
Raw Data (600),24 h ,0.160,0.116,0.130,0.107,0.116,0.180,0.133,0.130,0.119,0.138,0.115,0.149,0.115,0.674,0.148,0.637,0.654,0.149,0.127,0.696,0.127,0.453,0.315,0.131,0.122,0.678,0.159,0.690,0.655,0.181,0.131,0.720,0.124,0.438,0.308,0.153,0.115,0.699,0.136,0.615,0.604,0.123,0.124,0.688,0.122,0.450,0.321,0.097,0.125,0.750,0.163,0.580,0.635,0.151,0.167,0.722,0.177,0.470,0.374,0.113,0.165,0.690,0.127,0.583,0.591,0.154,0.146,0.688,0.131,0.504,0.354,0.103,0.113,0.126,0.137,0.128,0.130,0.128,0.139,0.123,0.126,0.126,0.125,0.121,0.122,0.119,0.126,0.113,0.136,0.164,0.111,0.121,0.126,0.104,0.102,0.103
,,,,,,,,,,,,,,,,,,,,,,,,,,,,,,,,,,,,,,,,,,,,,,,,,,,,,,,,,,,,,,,,,,,,,,,,,,,,,,,,,,,,,,,,,,,,,,,,,
